Metric,Supplier_Lead_Time,Inventory_Levels,Order_Frequency,Delivery_Performance,Cost_Per_Unit
Supplier_Lead_Time,1.000000,0.134061,-0.907728,-0.919661,0.961154
Inventory_Levels,0.134061,1.000000,-0.093015,-0.180590,0.122066
Order_Frequency,-0.907728,-0.093015,1.000000,0.832584,-0.898925
Delivery_Performance,-0.919661,-0.180590,0.832584,1.000000,-0.909367
Cost_Per_Unit,0.961154,0.122066,-0.898925,-0.909367,1.000000